"GEO","SEX","AGE","TIME","VALUE","FLAGS","FOOTNOTES"
"AT111","T","TOTAL","2011","37583","",""
"AT112","T","TOTAL","2011","150320","",""
"AT113","T","TOTAL","2011","97782","",""
"AT121","T","TOTAL","2011","241174","",""
"AT122","T","TOTAL","2011","253038","",""
"AT123","T","TOTAL","2011","148477","",""
"AT124","T","TOTAL","2011","219541","",""
"AT125","T","TOTAL","2011","123430","",""
"AT126","T","TOTAL","2011","307940","",""
"AT127","T","TOTAL","2011","321093","",""
"AT130","T","TOTAL","2011","1714227","",""
"AT211","T","TOTAL","2011","276805","",""
"AT212","T","TOTAL","2011","127046","",""
"AT213","T","TOTAL","2011","152322","",""
"AT221","T","TOTAL","2011","404786","",""
"AT222","T","TOTAL","2011","79367","",""
"AT223","T","TOTAL","2011","164668","",""
"AT224","T","TOTAL","2011","266800","",""
"AT225","T","TOTAL","2011","190084","",""
"AT226","T","TOTAL","2011","102870","",""
"AT311","T","TOTAL","2011","275360","",""
"AT312","T","TOTAL","2011","552053","",""
"AT313","T","TOTAL","2011","204168","",""
"AT314","T","TOTAL","2011","152462","",""
"AT315","T","TOTAL","2011","229719","",""
"AT321","T","TOTAL","2011","20502","",""
"AT322","T","TOTAL","2011","162562","",""
"AT323","T","TOTAL","2011","346002","",""
"AT331","T","TOTAL","2011","31618","",""
"AT332","T","TOTAL","2011","286379","",""
"AT333","T","TOTAL","2011","49319","",""
"AT334","T","TOTAL","2011","100148","",""
"AT335","T","TOTAL","2011","241855","",""
"AT341","T","TOTAL","2011","87636","",""
"AT342","T","TOTAL","2011","282804","",""
"ATZZZ","T","TOTAL","2011","0","",""
"BE100","T","TOTAL","2011","0","",""
"BE211","T","TOTAL","2011","0","",""
"BE212","T","TOTAL","2011","0","",""
"BE213","T","TOTAL","2011","0","",""
"BE221","T","TOTAL","2011","0","",""
"BE222","T","TOTAL","2011","0","",""
"BE223","T","TOTAL","2011","0","",""
"BE231","T","TOTAL","2011","0","",""
"BE232","T","TOTAL","2011","0","",""
"BE233","T","TOTAL","2011","0","",""
"BE234","T","TOTAL","2011","0","",""
"BE235","T","TOTAL","2011","0","",""
"BE236","T","TOTAL","2011","0","",""
"BE241","T","TOTAL","2011","0","",""
"BE242","T","TOTAL","2011","0","",""
"BE251","T","TOTAL","2011","0","",""
"BE252","T","TOTAL","2011","0","",""
"BE253","T","TOTAL","2011","0","",""
"BE254","T","TOTAL","2011","0","",""
"BE255","T","TOTAL","2011","0","",""
"BE256","T","TOTAL","2011","0","",""
"BE257","T","TOTAL","2011","0","",""
"BE258","T","TOTAL","2011","0","",""
"BE310","T","TOTAL","2011","0","",""
"BE321","T","TOTAL","2011","0","",""
"BE322","T","TOTAL","2011","0","",""
"BE323","T","TOTAL","2011","0","",""
"BE324","T","TOTAL","2011","0","",""
"BE325","T","TOTAL","2011","0","",""
"BE326","T","TOTAL","2011","0","",""
"BE327","T","TOTAL","2011","0","",""
"BE331","T","TOTAL","2011","0","",""
"BE332","T","TOTAL","2011","0","",""
"BE334","T","TOTAL","2011","0","",""
"BE335","T","TOTAL","2011","0","",""
"BE336","T","TOTAL","2011","0","",""
"BE341","T","TOTAL","2011","0","",""
"BE342","T","TOTAL","2011","0","",""
"BE343","T","TOTAL","2011","0","",""
"BE344","T","TOTAL","2011","0","",""
"BE345","T","TOTAL","2011","0","",""
"BE351","T","TOTAL","2011","0","",""
"BE352","T","TOTAL","2011","0","",""
"BE353","T","TOTAL","2011","0","",""
"BEZZZ","T","TOTAL","2011","0","",""
"BG311","T","TOTAL","2011","101018","",""
"BG312","T","TOTAL","2011","148098","",""
"BG313","T","TOTAL","2011","186848","",""
"BG314","T","TOTAL","2011","269752","",""
"BG315","T","TOTAL","2011","141422","",""
"BG321","T","TOTAL","2011","258494","",""
"BG322","T","TOTAL","2011","122702","",""
"BG323","T","TOTAL","2011","235252","",""
"BG324","T","TOTAL","2011","125190","",""
"BG325","T","TOTAL","2011","119474","",""
"BG331","T","TOTAL","2011","475074","",""
"BG332","T","TOTAL","2011","189677","",""
"BG333","T","TOTAL","2011","180528","",""
"BG334","T","TOTAL","2011","120818","",""
"BG341","T","TOTAL","2011","415817","",""
"BG342","T","TOTAL","2011","197473","",""
"BG343","T","TOTAL","2011","131447","",""
"BG344","T","TOTAL","2011","333265","",""
"BG411","T","TOTAL","2011","1291591","",""
"BG412","T","TOTAL","2011","247489","",""
"BG413","T","TOTAL","2011","323552","",""
"BG414","T","TOTAL","2011","133530","",""
"BG415","T","TOTAL","2011","136686","",""
"BG421","T","TOTAL","2011","683027","",""
"BG422","T","TOTAL","2011","246238","",""
"BG423","T","TOTAL","2011","275548","",""
"BG424","T","TOTAL","2011","121752","",""
"BG425","T","TOTAL","2011","152808","",""
"BGZZZ","T","TOTAL","2011","0","",""
"CH011","T","TOTAL","2011","725944","",""
"CH012","T","TOTAL","2011","317022","",""
"CH013","T","TOTAL","2011","460534","",""
"CH021","T","TOTAL","2011","985046","",""
"CH022","T","TOTAL","2011","284668","",""
"CH023","T","TOTAL","2011","256990","",""
"CH024","T","TOTAL","2011","173183","",""
"CH025","T","TOTAL","2011","70542","",""
"CH031","T","TOTAL","2011","186255","",""
"CH032","T","TOTAL","2011","275360","",""
"CH033","T","TOTAL","2011","618298","",""
"CH040","T","TOTAL","2011","1392396","",""
"CH051","T","TOTAL","2011","39217","",""
"CH052","T","TOTAL","2011","77139","",""
"CH053","T","TOTAL","2011","53313","",""
"CH054","T","TOTAL","2011","15743","",""
"CH055","T","TOTAL","2011","483156","",""
"CH056","T","TOTAL","2011","193388","",""
"CH057","T","TOTAL","2011","251973","",""
"CH061","T","TOTAL","2011","381966","",""
"CH062","T","TOTAL","2011","35382","",""
"CH063","T","TOTAL","2011","147904","",""
"CH064","T","TOTAL","2011","35885","",""
"CH065","T","TOTAL","2011","41311","",""
"CH066","T","TOTAL","2011","115104","",""
"CH070","T","TOTAL","2011","336943","",""
"CHZZZ","T","TOTAL","2011","0","",""
"CY000","T","TOTAL","2011","840407","",""
"CYZZZ","T","TOTAL","2011","0","",""
"CZ010","T","TOTAL","2011","1268796","",""
"CZ020","T","TOTAL","2011","1289211","",""
"CZ031","T","TOTAL","2011","628336","",""
"CZ032","T","TOTAL","2011","570401","",""
"CZ041","T","TOTAL","2011","295595","",""
"CZ042","T","TOTAL","2011","808961","",""
"CZ051","T","TOTAL","2011","432439","",""
"CZ052","T","TOTAL","2011","547916","",""
"CZ053","T","TOTAL","2011","511627","",""
"CZ063","T","TOTAL","2011","505565","",""
"CZ064","T","TOTAL","2011","1163508","",""
"CZ071","T","TOTAL","2011","628427","",""
"CZ072","T","TOTAL","2011","579944","",""
"CZ080","T","TOTAL","2011","1205834","",""
"CZZZZ","T","TOTAL","2011","0","",""
"DE111","T","TOTAL","2011","585890","",""
"DE112","T","TOTAL","2011","363949","",""
"DE113","T","TOTAL","2011","502893","",""
"DE114","T","TOTAL","2011","247407","",""
"DE115","T","TOTAL","2011","509871","",""
"DE116","T","TOTAL","2011","406874","",""
"DE117","T","TOTAL","2011","116059","",""
"DE118","T","TOTAL","2011","322813","",""
"DE119","T","TOTAL","2011","107280","",""
"DE11A","T","TOTAL","2011","186353","",""
"DE11B","T","TOTAL","2011","130625","",""
"DE11C","T","TOTAL","2011","127817","",""
"DE11D","T","TOTAL","2011","306529","",""
"DE121","T","TOTAL","2011","52315","",""
"DE122","T","TOTAL","2011","289173","",""
"DE123","T","TOTAL","2011","424121","",""
"DE124","T","TOTAL","2011","222324","",""
"DE125","T","TOTAL","2011","146751","",""
"DE126","T","TOTAL","2011","290117","",""
"DE127","T","TOTAL","2011","142810","",""
"DE128","T","TOTAL","2011","524039","",""
"DE129","T","TOTAL","2011","114411","",""
"DE12A","T","TOTAL","2011","151049","",""
"DE12B","T","TOTAL","2011","191353","",""
"DE12C","T","TOTAL","2011","115973","",""
"DE131","T","TOTAL","2011","209629","",""
"DE132","T","TOTAL","2011","247279","",""
"DE133","T","TOTAL","2011","156453","",""
"DE134","T","TOTAL","2011","410202","",""
"DE135","T","TOTAL","2011","136478","",""
"DE136","T","TOTAL","2011","203967","",""
"DE137","T","TOTAL","2011","132213","",""
"DE138","T","TOTAL","2011","266965","",""
"DE139","T","TOTAL","2011","219003","",""
"DE13A","T","TOTAL","2011","163136","",""
"DE141","T","TOTAL","2011","273353","",""
"DE142","T","TOTAL","2011","211952","",""
"DE143","T","TOTAL","2011","185559","",""
"DE144","T","TOTAL","2011","116761","",""
"DE145","T","TOTAL","2011","186192","",""
"DE146","T","TOTAL","2011","187444","",""
"DE147","T","TOTAL","2011","204083","",""
"DE148","T","TOTAL","2011","269595","",""
"DE149","T","TOTAL","2011","127600","",""
"DE211","T","TOTAL","2011","124927","",""
"DE212","T","TOTAL","2011","1348335","",""
"DE213","T","TOTAL","2011","59329","",""
"DE214","T","TOTAL","2011","106022","",""
"DE215","T","TOTAL","2011","100829","",""
"DE216","T","TOTAL","2011","119178","",""
"DE217","T","TOTAL","2011","138697","",""
"DE218","T","TOTAL","2011","127567","",""
"DE219","T","TOTAL","2011","123420","",""
"DE21A","T","TOTAL","2011","125706","",""
"DE21B","T","TOTAL","2011","162818","",""
"DE21C","T","TOTAL","2011","201597","",""
"DE21D","T","TOTAL","2011","84046","",""
"DE21E","T","TOTAL","2011","113084","",""
"DE21F","T","TOTAL","2011","93630","",""
"DE21G","T","TOTAL","2011","106415","",""
"DE21H","T","TOTAL","2011","317249","",""
"DE21I","T","TOTAL","2011","90593","",""
"DE21J","T","TOTAL","2011","116116","",""
"DE21K","T","TOTAL","2011","244256","",""
"DE21L","T","TOTAL","2011","127132","",""
"DE21M","T","TOTAL","2011","168510","",""
"DE21N","T","TOTAL","2011","128762","",""
"DE221","T","TOTAL","2011","63544","",""
"DE222","T","TOTAL","2011","48649","",""
"DE223","T","TOTAL","2011","44488","",""
"DE224","T","TOTAL","2011","114454","",""
"DE225","T","TOTAL","2011","78170","",""
"DE226","T","TOTAL","2011","112753","",""
"DE227","T","TOTAL","2011","147161","",""
"DE228","T","TOTAL","2011","184190","",""
"DE229","T","TOTAL","2011","76782","",""
"DE22A","T","TOTAL","2011","116634","",""
"DE22B","T","TOTAL","2011","95853","",""
"DE22C","T","TOTAL","2011","90156","",""
"DE231","T","TOTAL","2011","41912","",""
"DE232","T","TOTAL","2011","135403","",""
"DE233","T","TOTAL","2011","41746","",""
"DE234","T","TOTAL","2011","103902","",""
"DE235","T","TOTAL","2011","125689","",""
"DE236","T","TOTAL","2011","126436","",""
"DE237","T","TOTAL","2011","96317","",""
"DE238","T","TOTAL","2011","182289","",""
"DE239","T","TOTAL","2011","142406","",""
"DE23A","T","TOTAL","2011","74866","",""
"DE241","T","TOTAL","2011","70635","",""
"DE242","T","TOTAL","2011","70808","",""
"DE243","T","TOTAL","2011","41023","",""
"DE244","T","TOTAL","2011","44759","",""
"DE245","T","TOTAL","2011","143610","",""
"DE246","T","TOTAL","2011","105396","",""
"DE247","T","TOTAL","2011","87775","",""
"DE248","T","TOTAL","2011","112738","",""
"DE249","T","TOTAL","2011","99371","",""
"DE24A","T","TOTAL","2011","69927","",""
"DE24B","T","TOTAL","2011","74070","",""
"DE24C","T","TOTAL","2011","67297","",""
"DE24D","T","TOTAL","2011","76044","",""
"DE251","T","TOTAL","2011","39491","",""
"DE252","T","TOTAL","2011","103720","",""
"DE253","T","TOTAL","2011","115613","",""
"DE254","T","TOTAL","2011","486314","",""
"DE255","T","TOTAL","2011","38469","",""
"DE256","T","TOTAL","2011","178354","",""
"DE257","T","TOTAL","2011","130395","",""
"DE258","T","TOTAL","2011","112786","",""
"DE259","T","TOTAL","2011","163967","",""
"DE25A","T","TOTAL","2011","97475","",""
"DE25B","T","TOTAL","2011","123344","",""
"DE25C","T","TOTAL","2011","92369","",""
"DE261","T","TOTAL","2011","67359","",""
"DE262","T","TOTAL","2011","52143","",""
"DE263","T","TOTAL","2011","124297","",""
"DE264","T","TOTAL","2011","172612","",""
"DE265","T","TOTAL","2011","104020","",""
"DE266","T","TOTAL","2011","80829","",""
"DE267","T","TOTAL","2011","84575","",""
"DE268","T","TOTAL","2011","87719","",""
"DE269","T","TOTAL","2011","128405","",""
"DE26A","T","TOTAL","2011","127508","",""
"DE26B","T","TOTAL","2011","113084","",""
"DE26C","T","TOTAL","2011","158095","",""
"DE271","T","TOTAL","2011","267767","",""
"DE272","T","TOTAL","2011","41550","",""
"DE273","T","TOTAL","2011","64078","",""
"DE274","T","TOTAL","2011","41241","",""
"DE275","T","TOTAL","2011","126387","",""
"DE276","T","TOTAL","2011","237095","",""
"DE277","T","TOTAL","2011","93308","",""
"DE278","T","TOTAL","2011","120183","",""
"DE279","T","TOTAL","2011","163854","",""
"DE27A","T","TOTAL","2011","78422","",""
"DE27B","T","TOTAL","2011","133585","",""
"DE27C","T","TOTAL","2011","135161","",""
"DE27D","T","TOTAL","2011","127920","",""
"DE27E","T","TOTAL","2011","148649","",""
"DE300","T","TOTAL","2011","3292365","",""
"DE401","T","TOTAL","2011","71569","",""
"DE402","T","TOTAL","2011","99984","",""
"DE403","T","TOTAL","2011","59140","",""
"DE404","T","TOTAL","2011","156021","",""
"DE405","T","TOTAL","2011","172165","",""
"DE406","T","TOTAL","2011","160162","",""
"DE407","T","TOTAL","2011","110188","",""
"DE408","T","TOTAL","2011","152457","",""
"DE409","T","TOTAL","2011","187374","",""
"DE40A","T","TOTAL","2011","200807","",""
"DE40B","T","TOTAL","2011","117943","",""
"DE40C","T","TOTAL","2011","178176","",""
"DE40D","T","TOTAL","2011","100242","",""
"DE40E","T","TOTAL","2011","202816","",""
"DE40F","T","TOTAL","2011","80276","",""
"DE40G","T","TOTAL","2011","122523","",""
"DE40H","T","TOTAL","2011","159255","",""
"DE40I","T","TOTAL","2011","124682","",""
"DE501","T","TOTAL","2011","542707","",""
"DE502","T","TOTAL","2011","108156","",""
"DE600","T","TOTAL","2011","1706696","",""
"DE711","T","TOTAL","2011","143499","",""
"DE712","T","TOTAL","2011","667925","",""
"DE713","T","TOTAL","2011","113443","",""
"DE714","T","TOTAL","2011","269121","",""
"DE715","T","TOTAL","2011","260741","",""
"DE716","T","TOTAL","2011","282601","",""
"DE717","T","TOTAL","2011","251049","",""
"DE718","T","TOTAL","2011","226130","",""
"DE719","T","TOTAL","2011","400862","",""
"DE71A","T","TOTAL","2011","224059","",""
"DE71B","T","TOTAL","2011","96613","",""
"DE71C","T","TOTAL","2011","332328","",""
"DE71D","T","TOTAL","2011","180226","",""
"DE71E","T","TOTAL","2011","292573","",""
"DE721","T","TOTAL","2011","251238","",""
"DE722","T","TOTAL","2011","253441","",""
"DE723","T","TOTAL","2011","170696","",""
"DE724","T","TOTAL","2011","241226","",""
"DE725","T","TOTAL","2011","108510","",""
"DE731","T","TOTAL","2011","190765","",""
"DE732","T","TOTAL","2011","216179","",""
"DE733","T","TOTAL","2011","120694","",""
"DE734","T","TOTAL","2011","234933","",""
"DE735","T","TOTAL","2011","181850","",""
"DE736","T","TOTAL","2011","158990","",""
"DE737","T","TOTAL","2011","102124","",""
"DE801","T","TOTAL","2011","55447","",""
"DE802","T","TOTAL","2011","64111","",""
"DE803","T","TOTAL","2011","200266","",""
"DE804","T","TOTAL","2011","91293","",""
"DE805","T","TOTAL","2011","56729","",""
"DE806","T","TOTAL","2011","42469","",""
"DE807","T","TOTAL","2011","115654","",""
"DE808","T","TOTAL","2011","77573","",""
"DE809","T","TOTAL","2011","96905","",""
"DE80A","T","TOTAL","2011","120925","",""
"DE80B","T","TOTAL","2011","76008","",""
"DE80C","T","TOTAL","2011","63719","",""
"DE80D","T","TOTAL","2011","103289","",""
"DE80E","T","TOTAL","2011","114165","",""
"DE80F","T","TOTAL","2011","102878","",""
"DE80G","T","TOTAL","2011","93445","",""
"DE80H","T","TOTAL","2011","65495","",""
"DE80I","T","TOTAL","2011","69610","",""
"DE911","T","TOTAL","2011","242537","",""
"DE912","T","TOTAL","2011","98895","",""
"DE913","T","TOTAL","2011","119984","",""
"DE914","T","TOTAL","2011","171331","",""
"DE915","T","TOTAL","2011","248037","",""
"DE916","T","TOTAL","2011","140137","",""
"DE917","T","TOTAL","2011","91410","",""
"DE918","T","TOTAL","2011","137446","",""
"DE919","T","TOTAL","2011","76786","",""
"DE91A","T","TOTAL","2011","130398","",""
"DE91B","T","TOTAL","2011","120773","",""
"DE922","T","TOTAL","2011","211184","",""
"DE923","T","TOTAL","2011","150259","",""
"DE925","T","TOTAL","2011","277594","",""
"DE926","T","TOTAL","2011","73547","",""
"DE927","T","TOTAL","2011","122242","",""
"DE928","T","TOTAL","2011","157497","",""
"DE929","T","TOTAL","2011","1102242","",""
"DE931","T","TOTAL","2011","176690","",""
"DE932","T","TOTAL","2011","198778","",""
"DE933","T","TOTAL","2011","238442","",""
"DE934","T","TOTAL","2011","49205","",""
"DE935","T","TOTAL","2011","174123","",""
"DE936","T","TOTAL","2011","110907","",""
"DE937","T","TOTAL","2011","162726","",""
"DE938","T","TOTAL","2011","136693","",""
"DE939","T","TOTAL","2011","195450","",""
"DE93A","T","TOTAL","2011","93595","",""
"DE93B","T","TOTAL","2011","132300","",""
"DE941","T","TOTAL","2011","73322","",""
"DE942","T","TOTAL","2011","49787","",""
"DE943","T","TOTAL","2011","157267","",""
"DE944","T","TOTAL","2011","153699","",""
"DE945","T","TOTAL","2011","77451","",""
"DE946","T","TOTAL","2011","117912","",""
"DE947","T","TOTAL","2011","187135","",""
"DE948","T","TOTAL","2011","159337","",""
"DE949","T","TOTAL","2011","311089","",""
"DE94A","T","TOTAL","2011","98229","",""
"DE94B","T","TOTAL","2011","133395","",""
"DE94C","T","TOTAL","2011","163832","",""
"DE94D","T","TOTAL","2011","125014","",""
"DE94E","T","TOTAL","2011","350147","",""
"DE94F","T","TOTAL","2011","132294","",""
"DE94G","T","TOTAL","2011","90035","",""
"DE94H","T","TOTAL","2011","56839","",""
"DEA11","T","TOTAL","2011","586291","",""
"DEA12","T","TOTAL","2011","488468","",""
"DEA13","T","TOTAL","2011","566201","",""
"DEA14","T","TOTAL","2011","222247","",""
"DEA15","T","TOTAL","2011","255188","",""
"DEA16","T","TOTAL","2011","166865","",""
"DEA17","T","TOTAL","2011","210215","",""
"DEA18","T","TOTAL","2011","110708","",""
"DEA19","T","TOTAL","2011","155265","",""
"DEA1A","T","TOTAL","2011","342661","",""
"DEA1B","T","TOTAL","2011","300990","",""
"DEA1C","T","TOTAL","2011","477777","",""
"DEA1D","T","TOTAL","2011","437393","",""
"DEA1E","T","TOTAL","2011","296176","",""
"DEA1F","T","TOTAL","2011","460420","",""
"DEA22","T","TOTAL","2011","305765","",""
"DEA23","T","TOTAL","2011","1005775","",""
"DEA24","T","TOTAL","2011","158984","",""
"DEA26","T","TOTAL","2011","258761","",""
"DEA27","T","TOTAL","2011","451515","",""
"DEA28","T","TOTAL","2011","187939","",""
"DEA29","T","TOTAL","2011","248161","",""
"DEA2A","T","TOTAL","2011","273011","",""
"DEA2B","T","TOTAL","2011","278182","",""
"DEA2C","T","TOTAL","2011","578252","",""
"DEA2D","T","TOTAL","2011","539515","",""
"DEA31","T","TOTAL","2011","117311","",""
"DEA32","T","TOTAL","2011","258766","",""
"DEA33","T","TOTAL","2011","289576","",""
"DEA34","T","TOTAL","2011","363754","",""
"DEA35","T","TOTAL","2011","215269","",""
"DEA36","T","TOTAL","2011","619382","",""
"DEA37","T","TOTAL","2011","433660","",""
"DEA38","T","TOTAL","2011","273477","",""
"DEA41","T","TOTAL","2011","326870","",""
"DEA42","T","TOTAL","2011","350419","",""
"DEA43","T","TOTAL","2011","250704","",""
"DEA44","T","TOTAL","2011","145679","",""
"DEA45","T","TOTAL","2011","348681","",""
"DEA46","T","TOTAL","2011","312169","",""
"DEA47","T","TOTAL","2011","294602","",""
"DEA51","T","TOTAL","2011","362286","",""
"DEA52","T","TOTAL","2011","571143","",""
"DEA53","T","TOTAL","2011","187944","",""
"DEA54","T","TOTAL","2011","176037","",""
"DEA55","T","TOTAL","2011","155160","",""
"DEA56","T","TOTAL","2011","326050","",""
"DEA57","T","TOTAL","2011","266511","",""
"DEA58","T","TOTAL","2011","423818","",""
"DEA59","T","TOTAL","2011","136490","",""
"DEA5A","T","TOTAL","2011","276834","",""
"DEA5B","T","TOTAL","2011","296875","",""
"DEA5C","T","TOTAL","2011","396060","",""
"DEB11","T","TOTAL","2011","107825","",""
"DEB12","T","TOTAL","2011","125885","",""
"DEB13","T","TOTAL","2011","130570","",""
"DEB14","T","TOTAL","2011","155599","",""
"DEB15","T","TOTAL","2011","82778","",""
"DEB16","T","TOTAL","2011","64187","",""
"DEB17","T","TOTAL","2011","210308","",""
"DEB18","T","TOTAL","2011","180672","",""
"DEB19","T","TOTAL","2011","102322","",""
"DEB1A","T","TOTAL","2011","123203","",""
"DEB1B","T","TOTAL","2011","200059","",""
"DEB21","T","TOTAL","2011","105671","",""
"DEB22","T","TOTAL","2011","112320","",""
"DEB23","T","TOTAL","2011","95774","",""
"DEB24","T","TOTAL","2011","61947","",""
"DEB25","T","TOTAL","2011","142228","",""
"DEB31","T","TOTAL","2011","46415","",""
"DEB32","T","TOTAL","2011","96341","",""
"DEB33","T","TOTAL","2011","43361","",""
"DEB34","T","TOTAL","2011","157584","",""
"DEB35","T","TOTAL","2011","200344","",""
"DEB36","T","TOTAL","2011","52164","",""
"DEB37","T","TOTAL","2011","40887","",""
"DEB38","T","TOTAL","2011","49540","",""
"DEB39","T","TOTAL","2011","79207","",""
"DEB3A","T","TOTAL","2011","34200","",""
"DEB3B","T","TOTAL","2011","125113","",""
"DEB3C","T","TOTAL","2011","131085","",""
"DEB3D","T","TOTAL","2011","76030","",""
"DEB3E","T","TOTAL","2011","123913","",""
"DEB3F","T","TOTAL","2011","105283","",""
"DEB3G","T","TOTAL","2011","72783","",""
"DEB3H","T","TOTAL","2011","108244","",""
"DEB3I","T","TOTAL","2011","146868","",""
"DEB3J","T","TOTAL","2011","200672","",""
"DEB3K","T","TOTAL","2011","98426","",""
"DEC01","T","TOTAL","2011","327065","",""
"DEC02","T","TOTAL","2011","103636","",""
"DEC03","T","TOTAL","2011","135531","",""
"DEC04","T","TOTAL","2011","197877","",""
"DEC05","T","TOTAL","2011","145394","",""
"DEC06","T","TOTAL","2011","90120","",""
"DED21","T","TOTAL","2011","512354","",""
"DED2C","T","TOTAL","2011","315174","",""
"DED2D","T","TOTAL","2011","269647","",""
"DED2E","T","TOTAL","2011","247054","",""
"DED2F","T","TOTAL","2011","246818","",""
"DED41","T","TOTAL","2011","240253","",""
"DED42","T","TOTAL","2011","361791","",""
"DED43","T","TOTAL","2011","322078","",""
"DED44","T","TOTAL","2011","240052","",""
"DED45","T","TOTAL","2011","335220","",""
"DED51","T","TOTAL","2011","502979","",""
"DED52","T","TOTAL","2011","262214","",""
"DED53","T","TOTAL","2011","201165","",""
"DEE01","T","TOTAL","2011","86030","",""
"DEE02","T","TOTAL","2011","229153","",""
"DEE03","T","TOTAL","2011","228144","",""
"DEE04","T","TOTAL","2011","88241","",""
"DEE05","T","TOTAL","2011","172127","",""
"DEE06","T","TOTAL","2011","93849","",""
"DEE07","T","TOTAL","2011","176048","",""
"DEE08","T","TOTAL","2011","189729","",""
"DEE09","T","TOTAL","2011","226495","",""
"DEE0A","T","TOTAL","2011","147887","",""
"DEE0B","T","TOTAL","2011","191681","",""
"DEE0C","T","TOTAL","2011","205458","",""
"DEE0D","T","TOTAL","2011","119204","",""
"DEE0E","T","TOTAL","2011","132994","",""
"DEF01","T","TOTAL","2011","82258","",""
"DEF02","T","TOTAL","2011","235782","",""
"DEF03","T","TOTAL","2011","210305","",""
"DEF04","T","TOTAL","2011","77249","",""
"DEF05","T","TOTAL","2011","133900","",""
"DEF06","T","TOTAL","2011","187138","",""
"DEF07","T","TOTAL","2011","163665","",""
"DEF08","T","TOTAL","2011","198413","",""
"DEF09","T","TOTAL","2011","296341","",""
"DEF0A","T","TOTAL","2011","127676","",""
"DEF0B","T","TOTAL","2011","269364","",""
"DEF0C","T","TOTAL","2011","196025","",""
"DEF0D","T","TOTAL","2011","260665","",""
"DEF0E","T","TOTAL","2011","130783","",""
"DEF0F","T","TOTAL","2011","230555","",""
"DEG01","T","TOTAL","2011","200868","",""
"DEG02","T","TOTAL","2011","96067","",""
"DEG03","T","TOTAL","2011","105739","",""
"DEG04","T","TOTAL","2011","36960","",""
"DEG05","T","TOTAL","2011","62764","",""
"DEG06","T","TOTAL","2011","102257","",""
"DEG07","T","TOTAL","2011","87210","",""
"DEG09","T","TOTAL","2011","106122","",""
"DEG0A","T","TOTAL","2011","80053","",""
"DEG0B","T","TOTAL","2011","127622","",""
"DEG0C","T","TOTAL","2011","136330","",""
"DEG0D","T","TOTAL","2011","71865","",""
"DEG0E","T","TOTAL","2011","66369","",""
"DEG0F","T","TOTAL","2011","110361","",""
"DEG0G","T","TOTAL","2011","82643","",""
"DEG0H","T","TOTAL","2011","58943","",""
"DEG0I","T","TOTAL","2011","113267","",""
"DEG0J","T","TOTAL","2011","84802","",""
"DEG0K","T","TOTAL","2011","85806","",""
"DEG0L","T","TOTAL","2011","105332","",""
"DEG0M","T","TOTAL","2011","96737","",""
"DEG0N","T","TOTAL","2011","41753","",""
"DEG0P","T","TOTAL","2011","128719","",""
"DEZZZ","T","TOTAL","2011","9698","",""
"DK011","T","TOTAL","2011","692876","",""
"DK012","T","TOTAL","2011","516751","",""
"DK013","T","TOTAL","2011","447864","",""
"DK014","T","TOTAL","2011","41896","",""
"DK021","T","TOTAL","2011","235519","",""
"DK022","T","TOTAL","2011","584244","",""
"DK031","T","TOTAL","2011","484969","",""
"DK032","T","TOTAL","2011","715687","",""
"DK041","T","TOTAL","2011","426880","",""
"DK042","T","TOTAL","2011","834113","",""
"DK050","T","TOTAL","2011","579829","",""
"DKZZZ","T","TOTAL","2011","0","",""
"EE001","T","TOTAL","2011","552927","",""
"EE004","T","TOTAL","2011","146537","",""
"EE006","T","TOTAL","2011","125293","",""
"EE007","T","TOTAL","2011","149172","",""
"EE008","T","TOTAL","2011","320526","",""
"EEZZZ","T","TOTAL","2011","0","",""
"EL111","T","TOTAL","2011","147947","",""
"EL112","T","TOTAL","2011","111222","",""
"EL113","T","TOTAL","2011","112039","",""
"EL114","T","TOTAL","2011","98287","",""
"EL115","T","TOTAL","2011","138687","",""
"EL121","T","TOTAL","2011","140611","",""
"EL122","T","TOTAL","2011","1110551","",""
"EL123","T","TOTAL","2011","80419","",""
"EL124","T","TOTAL","2011","139680","",""
"EL125","T","TOTAL","2011","126698","",""
"EL126","T","TOTAL","2011","176430","",""
"EL127","T","TOTAL","2011","107719","d","Exclusively for confidentiality reasons, the data for the self-governed Agio Oros are aggregated with and incorporated into the data of Voreia Ellada, at NUTS 1 level,  Kentriki Makedonia, at NUTS 2 level, and Chalkidiki, at NUTS 3 level."
"EL131","T","TOTAL","2011","31757","",""
"EL132","T","TOTAL","2011","50322","",""
"EL133","T","TOTAL","2011","150196","",""
"EL134","T","TOTAL","2011","51414","",""
"EL141","T","TOTAL","2011","113544","",""
"EL142","T","TOTAL","2011","284325","",""
"EL143","T","TOTAL","2011","203808","",""
"EL144","T","TOTAL","2011","131085","",""
"EL211","T","TOTAL","2011","67877","",""
"EL212","T","TOTAL","2011","43587","",""
"EL213","T","TOTAL","2011","167901","",""
"EL214","T","TOTAL","2011","57491","",""
"EL221","T","TOTAL","2011","40759","",""
"EL222","T","TOTAL","2011","104371","",""
"EL223","T","TOTAL","2011","39032","",""
"EL224","T","TOTAL","2011","23693","",""
"EL231","T","TOTAL","2011","210802","",""
"EL232","T","TOTAL","2011","309694","",""
"EL233","T","TOTAL","2011","159300","",""
"EL241","T","TOTAL","2011","117920","",""
"EL242","T","TOTAL","2011","210815","",""
"EL243","T","TOTAL","2011","20081","",""
"EL244","T","TOTAL","2011","158231","",""
"EL245","T","TOTAL","2011","40343","",""
"EL251","T","TOTAL","2011","97044","",""
"EL252","T","TOTAL","2011","86685","",""
"EL253","T","TOTAL","2011","145082","",""
"EL254","T","TOTAL","2011","89138","",""
"EL255","T","TOTAL","2011","159954","",""
"EL300","T","TOTAL","2011","3828434","",""
"EL411","T","TOTAL","2011","103698","",""
"EL412","T","TOTAL","2011","42859","",""
"EL413","T","TOTAL","2011","52674","",""
"EL421","T","TOTAL","2011","190988","",""
"EL422","T","TOTAL","2011","118027","",""
"EL431","T","TOTAL","2011","305490","",""
"EL432","T","TOTAL","2011","75381","",""
"EL433","T","TOTAL","2011","85609","",""
"EL434","T","TOTAL","2011","156585","",""
"ELSSS","T","TOTAL","2011",":","cd","Exclusively for confidentiality reasons, the data for the self-governed Agio Oros are aggregated with and incorporated into the data of Voreia Ellada, at NUTS 1 level,  Kentriki Makedonia, at NUTS 2 level, and Chalkidiki, at NUTS 3 level."
"ELZZZ","T","TOTAL","2011","0","",""
"ES111","T","TOTAL","2011","1141285","",""
"ES112","T","TOTAL","2011","348065","",""
"ES113","T","TOTAL","2011","328695","",""
"ES114","T","TOTAL","2011","954875","",""
"ES120","T","TOTAL","2011","1075185","",""
"ES130","T","TOTAL","2011","592540","",""
"ES211","T","TOTAL","2011","320780","",""
"ES212","T","TOTAL","2011","708425","",""
"ES213","T","TOTAL","2011","1156190","",""
"ES220","T","TOTAL","2011","640130","",""
"ES230","T","TOTAL","2011","321175","",""
"ES241","T","TOTAL","2011","225960","",""
"ES242","T","TOTAL","2011","143160","",""
"ES243","T","TOTAL","2011","975385","",""
"ES300","T","TOTAL","2011","6421875","",""
"ES411","T","TOTAL","2011","171645","",""
"ES412","T","TOTAL","2011","372540","",""
"ES413","T","TOTAL","2011","493310","",""
"ES414","T","TOTAL","2011","170515","",""
"ES415","T","TOTAL","2011","350020","",""
"ES416","T","TOTAL","2011","163170","",""
"ES417","T","TOTAL","2011","94610","",""
"ES418","T","TOTAL","2011","532765","",""
"ES419","T","TOTAL","2011","191615","",""
"ES421","T","TOTAL","2011","401580","",""
"ES422","T","TOTAL","2011","526630","",""
"ES423","T","TOTAL","2011","215165","",""
"ES424","T","TOTAL","2011","257440","",""
"ES425","T","TOTAL","2011","705515","",""
"ES431","T","TOTAL","2011","691800","",""
"ES432","T","TOTAL","2011","412700","",""
"ES511","T","TOTAL","2011","5522565","",""
"ES512","T","TOTAL","2011","751805","",""
"ES513","T","TOTAL","2011","438430","",""
"ES514","T","TOTAL","2011","807045","",""
"ES521","T","TOTAL","2011","1852165","",""
"ES522","T","TOTAL","2011","594425","",""
"ES523","T","TOTAL","2011","2563340","",""
"ES531","T","TOTAL","2011","144175","",""
"ES532","T","TOTAL","2011","861930","",""
"ES533","T","TOTAL","2011","94395","",""
"ES611","T","TOTAL","2011","688735","",""
"ES612","T","TOTAL","2011","1244730","",""
"ES613","T","TOTAL","2011","802575","",""
"ES614","T","TOTAL","2011","922100","",""
"ES615","T","TOTAL","2011","519895","",""
"ES616","T","TOTAL","2011","667485","",""
"ES617","T","TOTAL","2011","1594810","",""
"ES618","T","TOTAL","2011","1930940","",""
"ES620","T","TOTAL","2011","1462130","",""
"ES630","T","TOTAL","2011","83515","",""
"ES640","T","TOTAL","2011","81325","",""
"ES703","T","TOTAL","2011","10725","",""
"ES704","T","TOTAL","2011","102940","",""
"ES705","T","TOTAL","2011","846085","",""
"ES706","T","TOTAL","2011","21680","",""
"ES707","T","TOTAL","2011","83690","",""
"ES708","T","TOTAL","2011","138200","",""
"ES709","T","TOTAL","2011","879335","",""
"ESZZZ","T","TOTAL","2011","0","",""
"FI193","T","TOTAL","2011","273637","",""
"FI194","T","TOTAL","2011","193504","",""
"FI195","T","TOTAL","2011","177946","",""
"FI196","T","TOTAL","2011","227031","",""
"FI197","T","TOTAL","2011","487923","",""
"FI1B1","T","TOTAL","2011","1532309","",""
"FI1C1","T","TOTAL","2011","465183","",""
"FI1C2","T","TOTAL","2011","174555","",""
"FI1C3","T","TOTAL","2011","201772","",""
"FI1C4","T","TOTAL","2011","182382","",""
"FI1C5","T","TOTAL","2011","133703","",""
"FI1D1","T","TOTAL","2011","154668","",""
"FI1D2","T","TOTAL","2011","247943","",""
"FI1D3","T","TOTAL","2011","165866","",""
"FI1D4","T","TOTAL","2011","82073","",""
"FI1D5","T","TOTAL","2011","68321","",""
"FI1D6","T","TOTAL","2011","394965","",""
"FI1D7","T","TOTAL","2011","183488","",""
"FI200","T","TOTAL","2011","28007","",""
"FIZZZ","T","TOTAL","2011","0","",""
"FR101","T","TOTAL","2011","2249975","",""
"FR102","T","TOTAL","2011","1338427","",""
"FR103","T","TOTAL","2011","1413635","",""
"FR104","T","TOTAL","2011","1225191","",""
"FR105","T","TOTAL","2011","1581628","",""
"FR106","T","TOTAL","2011","1529928","",""
"FR107","T","TOTAL","2011","1333702","",""
"FR108","T","TOTAL","2011","1180365","",""
"FR211","T","TOTAL","2011","283110","",""
"FR212","T","TOTAL","2011","303997","",""
"FR213","T","TOTAL","2011","566571","",""
"FR214","T","TOTAL","2011","182375","",""
"FR221","T","TOTAL","2011","541302","",""
"FR222","T","TOTAL","2011","805642","",""
"FR223","T","TOTAL","2011","571211","",""
"FR231","T","TOTAL","2011","588111","",""
"FR232","T","TOTAL","2011","1251282","",""
"FR241","T","TOTAL","2011","311694","",""
"FR242","T","TOTAL","2011","430416","",""
"FR243","T","TOTAL","2011","230175","",""
"FR244","T","TOTAL","2011","593683","",""
"FR245","T","TOTAL","2011","331280","",""
"FR246","T","TOTAL","2011","659587","",""
"FR251","T","TOTAL","2011","685262","",""
"FR252","T","TOTAL","2011","499531","",""
"FR253","T","TOTAL","2011","290891","",""
"FR261","T","TOTAL","2011","525931","",""
"FR262","T","TOTAL","2011","218341","",""
"FR263","T","TOTAL","2011","555999","",""
"FR264","T","TOTAL","2011","342463","",""
"FR301","T","TOTAL","2011","2579208","",""
"FR302","T","TOTAL","2011","1462807","",""
"FR411","T","TOTAL","2011","733124","",""
"FR412","T","TOTAL","2011","193557","",""
"FR413","T","TOTAL","2011","1045146","",""
"FR414","T","TOTAL","2011","378830","",""
"FR421","T","TOTAL","2011","1099269","",""
"FR422","T","TOTAL","2011","753056","",""
"FR431","T","TOTAL","2011","529103","",""
"FR432","T","TOTAL","2011","261294","",""
"FR433","T","TOTAL","2011","239695","",""
"FR434","T","TOTAL","2011","143348","",""
"FR511","T","TOTAL","2011","1296364","",""
"FR512","T","TOTAL","2011","790343","",""
"FR513","T","TOTAL","2011","307031","",""
"FR514","T","TOTAL","2011","565718","",""
"FR515","T","TOTAL","2011","641657","",""
"FR521","T","TOTAL","2011","594375","",""
"FR522","T","TOTAL","2011","899870","",""
"FR523","T","TOTAL","2011","996439","",""
"FR524","T","TOTAL","2011","727083","",""
"FR531","T","TOTAL","2011","352705","",""
"FR532","T","TOTAL","2011","625682","",""
"FR533","T","TOTAL","2011","370939","",""
"FR534","T","TOTAL","2011","428447","",""
"FR611","T","TOTAL","2011","415168","",""
"FR612","T","TOTAL","2011","1463662","",""
"FR613","T","TOTAL","2011","387929","",""
"FR614","T","TOTAL","2011","330866","",""
"FR615","T","TOTAL","2011","656608","",""
"FR621","T","TOTAL","2011","152286","",""
"FR622","T","TOTAL","2011","275813","",""
"FR623","T","TOTAL","2011","1260226","",""
"FR624","T","TOTAL","2011","188893","",""
"FR625","T","TOTAL","2011","174754","",""
"FR626","T","TOTAL","2011","229228","",""
"FR627","T","TOTAL","2011","377675","",""
"FR628","T","TOTAL","2011","244545","",""
"FR631","T","TOTAL","2011","242454","",""
"FR632","T","TOTAL","2011","122560","",""
"FR633","T","TOTAL","2011","376058","",""
"FR711","T","TOTAL","2011","603827","",""
"FR712","T","TOTAL","2011","317277","",""
"FR713","T","TOTAL","2011","487993","",""
"FR714","T","TOTAL","2011","1215212","",""
"FR715","T","TOTAL","2011","749053","",""
"FR716","T","TOTAL","2011","1744236","",""
"FR717","T","TOTAL","2011","418949","",""
"FR718","T","TOTAL","2011","746994","",""
"FR721","T","TOTAL","2011","342729","",""
"FR722","T","TOTAL","2011","147577","",""
"FR723","T","TOTAL","2011","224907","",""
"FR724","T","TOTAL","2011","635469","",""
"FR811","T","TOTAL","2011","359967","",""
"FR812","T","TOTAL","2011","718357","",""
"FR813","T","TOTAL","2011","1062036","",""
"FR814","T","TOTAL","2011","77156","",""
"FR815","T","TOTAL","2011","452530","",""
"FR821","T","TOTAL","2011","160959","",""
"FR822","T","TOTAL","2011","138605","",""
"FR823","T","TOTAL","2011","1081244","",""
"FR824","T","TOTAL","2011","1975896","",""
"FR825","T","TOTAL","2011","1012735","",""
"FR826","T","TOTAL","2011","546630","",""
"FR831","T","TOTAL","2011","145846","",""
"FR832","T","TOTAL","2011","168640","",""
"FR910","T","TOTAL","2011","404635","",""
"FR920","T","TOTAL","2011","392291","",""
"FR930","T","TOTAL","2011","237549","",""
"FR940","T","TOTAL","2011","828581","",""
"FRZZZ","T","TOTAL","2011","0","",""
"HR031","T","TOTAL","2011","296195","",""
"HR032","T","TOTAL","2011","50927","",""
"HR033","T","TOTAL","2011","170017","",""
"HR034","T","TOTAL","2011","109375","",""
"HR035","T","TOTAL","2011","454798","",""
"HR036","T","TOTAL","2011","208055","",""
"HR037","T","TOTAL","2011","122568","",""
"HR041","T","TOTAL","2011","790017","",""
"HR042","T","TOTAL","2011","317606","",""
"HR043","T","TOTAL","2011","132892","",""
"HR044","T","TOTAL","2011","175951","",""
"HR045","T","TOTAL","2011","115584","",""
"HR046","T","TOTAL","2011","113804","",""
"HR047","T","TOTAL","2011","119764","",""
"HR048","T","TOTAL","2011","84836","",""
"HR049","T","TOTAL","2011","78034","",""
"HR04A","T","TOTAL","2011","158575","",""
"HR04B","T","TOTAL","2011","305032","",""
"HR04C","T","TOTAL","2011","179521","",""
"HR04D","T","TOTAL","2011","128899","",""
"HR04E","T","TOTAL","2011","172439","",""
"HRZZZ","T","TOTAL","2011","0","",""
"HU101","T","TOTAL","2011","1729040","",""
"HU102","T","TOTAL","2011","1217476","",""
"HU211","T","TOTAL","2011","425847","",""
"HU212","T","TOTAL","2011","304568","",""
"HU213","T","TOTAL","2011","353068","",""
"HU221","T","TOTAL","2011","447985","",""
"HU222","T","TOTAL","2011","256629","",""
"HU223","T","TOTAL","2011","282179","",""
"HU231","T","TOTAL","2011","386441","",""
"HU232","T","TOTAL","2011","316137","",""
"HU233","T","TOTAL","2011","230361","",""
"HU311","T","TOTAL","2011","686266","",""
"HU312","T","TOTAL","2011","308882","",""
"HU313","T","TOTAL","2011","202427","",""
"HU321","T","TOTAL","2011","546721","",""
"HU322","T","TOTAL","2011","386594","",""
"HU323","T","TOTAL","2011","559272","",""
"HU331","T","TOTAL","2011","520331","",""
"HU332","T","TOTAL","2011","359948","",""
"HU333","T","TOTAL","2011","417456","",""
"HUZZZ","T","TOTAL","2011","0","",""
"IE011","T","TOTAL","2011","515511","",""
"IE012","T","TOTAL","2011","283771","",""
"IE013","T","TOTAL","2011","440847","",""
"IE021","T","TOTAL","2011","1261537","",""
"IE022","T","TOTAL","2011","533809","",""
"IE023","T","TOTAL","2011","377799","",""
"IE024","T","TOTAL","2011","499304","",""
"IE025","T","TOTAL","2011","662310","",""
"IEZZZ","T","TOTAL","2011","0","",""
"IS001","T","TOTAL","2011","201325","",""
"IS002","T","TOTAL","2011","114231","",""
"ISZZZ","T","TOTAL","2011","0","",""
"ITC11","T","TOTAL","2011","2247780","",""
"ITC12","T","TOTAL","2011","176941","",""
"ITC13","T","TOTAL","2011","182192","",""
"ITC14","T","TOTAL","2011","160264","",""
"ITC15","T","TOTAL","2011","365559","",""
"ITC16","T","TOTAL","2011","586378","",""
"ITC17","T","TOTAL","2011","217573","",""
"ITC18","T","TOTAL","2011","427229","",""
"ITC20","T","TOTAL","2011","126806","",""
"ITC31","T","TOTAL","2011","214502","",""
"ITC32","T","TOTAL","2011","281028","",""
"ITC33","T","TOTAL","2011","855834","",""
"ITC34","T","TOTAL","2011","219330","",""
"ITC41","T","TOTAL","2011","871886","",""
"ITC42","T","TOTAL","2011","586735","",""
"ITC43","T","TOTAL","2011","336310","",""
"ITC44","T","TOTAL","2011","180814","",""
"ITC46","T","TOTAL","2011","1086277","",""
"ITC47","T","TOTAL","2011","1238044","",""
"ITC48","T","TOTAL","2011","535822","",""
"ITC49","T","TOTAL","2011","223755","",""
"ITC4A","T","TOTAL","2011","357623","",""
"ITC4B","T","TOTAL","2011","408336","",""
"ITC4C","T","TOTAL","2011","3038420","",""
"ITC4D","T","TOTAL","2011","840129","",""
"ITF11","T","TOTAL","2011","298343","",""
"ITF12","T","TOTAL","2011","306349","",""
"ITF13","T","TOTAL","2011","314661","",""
"ITF14","T","TOTAL","2011","387956","",""
"ITF21","T","TOTAL","2011","87241","",""
"ITF22","T","TOTAL","2011","226419","",""
"ITF31","T","TOTAL","2011","904921","",""
"ITF32","T","TOTAL","2011","284900","",""
"ITF33","T","TOTAL","2011","3054956","",""
"ITF34","T","TOTAL","2011","429157","",""
"ITF35","T","TOTAL","2011","1092876","",""
"ITF43","T","TOTAL","2011","584649","",""
"ITF44","T","TOTAL","2011","400801","",""
"ITF45","T","TOTAL","2011","802018","",""
"ITF46","T","TOTAL","2011","626072","",""
"ITF47","T","TOTAL","2011","1247303","",""
"ITF48","T","TOTAL","2011","391723","",""
"ITF51","T","TOTAL","2011","377935","",""
"ITF52","T","TOTAL","2011","200101","",""
"ITF61","T","TOTAL","2011","714030","",""
"ITF62","T","TOTAL","2011","170803","",""
"ITF63","T","TOTAL","2011","359841","",""
"ITF64","T","TOTAL","2011","163409","",""
"ITF65","T","TOTAL","2011","550967","",""
"ITG11","T","TOTAL","2011","429917","",""
"ITG12","T","TOTAL","2011","1243585","",""
"ITG13","T","TOTAL","2011","649824","",""
"ITG14","T","TOTAL","2011","446837","",""
"ITG15","T","TOTAL","2011","273099","",""
"ITG16","T","TOTAL","2011","173451","",""
"ITG17","T","TOTAL","2011","1078766","",""
"ITG18","T","TOTAL","2011","307492","",""
"ITG19","T","TOTAL","2011","399933","",""
"ITG25","T","TOTAL","2011","328043","",""
"ITG26","T","TOTAL","2011","159197","",""
"ITG27","T","TOTAL","2011","550580","",""
"ITG28","T","TOTAL","2011","163916","",""
"ITG29","T","TOTAL","2011","150501","",""
"ITG2A","T","TOTAL","2011","57329","",""
"ITG2B","T","TOTAL","2011","101256","",""
"ITG2C","T","TOTAL","2011","128540","",""
"ITH10","T","TOTAL","2011","504643","",""
"ITH20","T","TOTAL","2011","524832","",""
"ITH31","T","TOTAL","2011","900542","",""
"ITH32","T","TOTAL","2011","859205","",""
"ITH33","T","TOTAL","2011","210001","",""
"ITH34","T","TOTAL","2011","876790","",""
"ITH35","T","TOTAL","2011","846962","",""
"ITH36","T","TOTAL","2011","921361","",""
"ITH37","T","TOTAL","2011","242349","",""
"ITH41","T","TOTAL","2011","310811","",""
"ITH42","T","TOTAL","2011","535430","",""
"ITH43","T","TOTAL","2011","140143","",""
"ITH44","T","TOTAL","2011","232601","",""
"ITH51","T","TOTAL","2011","284616","",""
"ITH52","T","TOTAL","2011","427434","",""
"ITH53","T","TOTAL","2011","517316","",""
"ITH54","T","TOTAL","2011","685777","",""
"ITH55","T","TOTAL","2011","976243","",""
"ITH56","T","TOTAL","2011","353481","",""
"ITH57","T","TOTAL","2011","384761","",""
"ITH58","T","TOTAL","2011","390738","",""
"ITH59","T","TOTAL","2011","321769","",""
"ITI11","T","TOTAL","2011","199650","",""
"ITI12","T","TOTAL","2011","388327","",""
"ITI13","T","TOTAL","2011","287866","",""
"ITI14","T","TOTAL","2011","973145","",""
"ITI15","T","TOTAL","2011","245916","",""
"ITI16","T","TOTAL","2011","335247","",""
"ITI17","T","TOTAL","2011","411190","",""
"ITI18","T","TOTAL","2011","343676","",""
"ITI19","T","TOTAL","2011","266621","",""
"ITI1A","T","TOTAL","2011","220564","",""
"ITI21","T","TOTAL","2011","655844","",""
"ITI22","T","TOTAL","2011","228424","",""
"ITI31","T","TOTAL","2011","362583","",""
"ITI32","T","TOTAL","2011","473865","",""
"ITI33","T","TOTAL","2011","319607","",""
"ITI34","T","TOTAL","2011","210407","",""
"ITI35","T","TOTAL","2011","174857","",""
"ITI41","T","TOTAL","2011","312864","",""
"ITI42","T","TOTAL","2011","155164","",""
"ITI43","T","TOTAL","2011","3997465","",""
"ITI44","T","TOTAL","2011","544732","",""
"ITI45","T","TOTAL","2011","492661","",""
"ITZZZ","T","TOTAL","2011","0","",""
"LI000","T","TOTAL","2011","36149","",""
"LIZZZ","T","TOTAL","2011","0","",""
"LT001","T","TOTAL","2011","157766","",""
"LT002","T","TOTAL","2011","608332","",""
"LT003","T","TOTAL","2011","339062","",""
"LT004","T","TOTAL","2011","161649","",""
"LT005","T","TOTAL","2011","250390","",""
"LT006","T","TOTAL","2011","301686","",""
"LT007","T","TOTAL","2011","110059","",""
"LT008","T","TOTAL","2011","152078","",""
"LT009","T","TOTAL","2011","152004","",""
"LT00A","T","TOTAL","2011","810403","",""
"LTZZZ","T","TOTAL","2011","0","",""
"LU000","T","TOTAL","2011","0","",""
"LUZZZ","T","TOTAL","2011","0","",""
"LV003","T","TOTAL","2011","270498","",""
"LV005","T","TOTAL","2011","304032","",""
"LV006","T","TOTAL","2011","658640","",""
"LV007","T","TOTAL","2011","371431","",""
"LV008","T","TOTAL","2011","211309","",""
"LV009","T","TOTAL","2011","254461","",""
"LVZZZ","T","TOTAL","2011","0","",""
"MT001","T","TOTAL","2011","386057","",""
"MT002","T","TOTAL","2011","31375","",""
"MTZZZ","T","TOTAL","2011","0","",""
"NL111","T","TOTAL","2011","151530","",""
"NL112","T","TOTAL","2011","49135","",""
"NL113","T","TOTAL","2011","378371","",""
"NL121","T","TOTAL","2011","332884","",""
"NL122","T","TOTAL","2011","106291","",""
"NL123","T","TOTAL","2011","208107","",""
"NL131","T","TOTAL","2011","189787","",""
"NL132","T","TOTAL","2011","171267","",""
"NL133","T","TOTAL","2011","130357","",""
"NL211","T","TOTAL","2011","356161","",""
"NL212","T","TOTAL","2011","152927","",""
"NL213","T","TOTAL","2011","625377","",""
"NL221","T","TOTAL","2011","656372","",""
"NL224","T","TOTAL","2011","235257","",""
"NL225","T","TOTAL","2011","401634","",""
"NL226","T","TOTAL","2011","711408","",""
"NL230","T","TOTAL","2011","391967","",""
"NL310","T","TOTAL","2011","1228794","",""
"NL321","T","TOTAL","2011","371039","",""
"NL322","T","TOTAL","2011","231725","",""
"NL323","T","TOTAL","2011","193294","",""
"NL324","T","TOTAL","2011","221070","",""
"NL325","T","TOTAL","2011","162741","",""
"NL326","T","TOTAL","2011","1267128","",""
"NL327","T","TOTAL","2011","244480","",""
"NL332","T","TOTAL","2011","810849","",""
"NL333","T","TOTAL","2011","215620","",""
"NL337","T","TOTAL","2011","407237","",""
"NL338","T","TOTAL","2011","293819","",""
"NL339","T","TOTAL","2011","1404791","",""
"NL33A","T","TOTAL","2011","396008","",""
"NL341","T","TOTAL","2011","106521","",""
"NL342","T","TOTAL","2011","275009","",""
"NL411","T","TOTAL","2011","616257","",""
"NL412","T","TOTAL","2011","459483","",""
"NL413","T","TOTAL","2011","639620","",""
"NL414","T","TOTAL","2011","738855","",""
"NL421","T","TOTAL","2011","280103","",""
"NL422","T","TOTAL","2011","235211","",""
"NL423","T","TOTAL","2011","607313","",""
"NLZZZ","T","TOTAL","2011","0","",""
"NO011","T","TOTAL","2011","612316","",""
"NO012","T","TOTAL","2011","554879","",""
"NO021","T","TOTAL","2011","192724","",""
"NO022","T","TOTAL","2011","187018","",""
"NO031","T","TOTAL","2011","278014","",""
"NO032","T","TOTAL","2011","264743","",""
"NO033","T","TOTAL","2011","236120","",""
"NO034","T","TOTAL","2011","169929","",""
"NO041","T","TOTAL","2011","111369","",""
"NO042","T","TOTAL","2011","174184","",""
"NO043","T","TOTAL","2011","442266","",""
"NO051","T","TOTAL","2011","489787","",""
"NO052","T","TOTAL","2011","108122","",""
"NO053","T","TOTAL","2011","256381","",""
"NO061","T","TOTAL","2011","297584","",""
"NO062","T","TOTAL","2011","133104","",""
"NO071","T","TOTAL","2011","237856","",""
"NO072","T","TOTAL","2011","158148","",""
"NO073","T","TOTAL","2011","73694","",""
"NOZZZ","T","TOTAL","2011","1716","",""
"PL113","T","TOTAL","2011","726245","",""
"PL114","T","TOTAL","2011","380609","",""
"PL115","T","TOTAL","2011","595030","",""
"PL116","T","TOTAL","2011","452467","",""
"PL117","T","TOTAL","2011","370557","",""
"PL121","T","TOTAL","2011","627893","",""
"PL122","T","TOTAL","2011","752686","",""
"PL127","T","TOTAL","2011","1693520","",""
"PL128","T","TOTAL","2011","620956","",""
"PL129","T","TOTAL","2011","777764","",""
"PL12A","T","TOTAL","2011","769233","",""
"PL213","T","TOTAL","2011","748734","",""
"PL214","T","TOTAL","2011","687747","",""
"PL215","T","TOTAL","2011","771295","",""
"PL216","T","TOTAL","2011","634113","",""
"PL217","T","TOTAL","2011","452425","",""
"PL224","T","TOTAL","2011","526407","",""
"PL225","T","TOTAL","2011","654409","",""
"PL227","T","TOTAL","2011","627507","",""
"PL228","T","TOTAL","2011","442895","",""
"PL229","T","TOTAL","2011","477237","",""
"PL22A","T","TOTAL","2011","762024","",""
"PL22B","T","TOTAL","2011","706360","",""
"PL22C","T","TOTAL","2011","384340","",""
"PL311","T","TOTAL","2011","307738","",""
"PL312","T","TOTAL","2011","643762","",""
"PL314","T","TOTAL","2011","710092","",""
"PL315","T","TOTAL","2011","492128","",""
"PL323","T","TOTAL","2011","476375","",""
"PL324","T","TOTAL","2011","392505","",""
"PL325","T","TOTAL","2011","609804","",""
"PL326","T","TOTAL","2011","604134","",""
"PL331","T","TOTAL","2011","773616","",""
"PL332","T","TOTAL","2011","492712","",""
"PL343","T","TOTAL","2011","500755","",""
"PL344","T","TOTAL","2011","402283","",""
"PL345","T","TOTAL","2011","270886","",""
"PL411","T","TOTAL","2011","409531","",""
"PL414","T","TOTAL","2011","655980","",""
"PL415","T","TOTAL","2011","551643","",""
"PL416","T","TOTAL","2011","667723","",""
"PL417","T","TOTAL","2011","546356","",""
"PL418","T","TOTAL","2011","592148","",""
"PL422","T","TOTAL","2011","591711","",""
"PL423","T","TOTAL","2011","375095","",""
"PL424","T","TOTAL","2011","407606","",""
"PL425","T","TOTAL","2011","321890","",""
"PL431","T","TOTAL","2011","381360","",""
"PL432","T","TOTAL","2011","628965","",""
"PL514","T","TOTAL","2011","623629","",""
"PL515","T","TOTAL","2011","573690","",""
"PL516","T","TOTAL","2011","448805","",""
"PL517","T","TOTAL","2011","675092","",""
"PL518","T","TOTAL","2011","554874","",""
"PL521","T","TOTAL","2011","394992","",""
"PL522","T","TOTAL","2011","576960","",""
"PL613","T","TOTAL","2011","765410","",""
"PL614","T","TOTAL","2011","531011","",""
"PL615","T","TOTAL","2011","777627","",""
"PL621","T","TOTAL","2011","530291","",""
"PL622","T","TOTAL","2011","613007","",""
"PL623","T","TOTAL","2011","283683","",""
"PL631","T","TOTAL","2011","481390","",""
"PL633","T","TOTAL","2011","741578","",""
"PL634","T","TOTAL","2011","527041","",""
"PL635","T","TOTAL","2011","496234","",""
"PLZZZ","T","TOTAL","2011","0","",""
"PT111","T","TOTAL","2011","244836","",""
"PT112","T","TOTAL","2011","410169","",""
"PT113","T","TOTAL","2011","511737","",""
"PT114","T","TOTAL","2011","1287282","",""
"PT115","T","TOTAL","2011","550516","",""
"PT116","T","TOTAL","2011","274859","",""
"PT117","T","TOTAL","2011","205902","",""
"PT118","T","TOTAL","2011","204381","",""
"PT150","T","TOTAL","2011","451006","",""
"PT161","T","TOTAL","2011","390822","",""
"PT162","T","TOTAL","2011","332326","",""
"PT163","T","TOTAL","2011","260942","",""
"PT164","T","TOTAL","2011","131468","",""
"PT165","T","TOTAL","2011","277240","",""
"PT166","T","TOTAL","2011","40705","",""
"PT167","T","TOTAL","2011","43737","",""
"PT168","T","TOTAL","2011","104417","",""
"PT169","T","TOTAL","2011","75028","",""
"PT16A","T","TOTAL","2011","87869","",""
"PT16B","T","TOTAL","2011","362540","",""
"PT16C","T","TOTAL","2011","220661","",""
"PT171","T","TOTAL","2011","2042477","",""
"PT172","T","TOTAL","2011","779399","",""
"PT181","T","TOTAL","2011","97925","",""
"PT182","T","TOTAL","2011","118410","",""
"PT183","T","TOTAL","2011","166822","",""
"PT184","T","TOTAL","2011","126692","",""
"PT185","T","TOTAL","2011","247453","",""
"PT200","T","TOTAL","2011","246772","",""
"PT300","T","TOTAL","2011","267785","",""
"PTZZZ","T","TOTAL","2011","0","",""
"RO111","T","TOTAL","2011","575398","",""
"RO112","T","TOTAL","2011","286225","",""
"RO113","T","TOTAL","2011","691106","",""
"RO114","T","TOTAL","2011","478659","",""
"RO115","T","TOTAL","2011","344360","",""
"RO116","T","TOTAL","2011","224384","",""
"RO121","T","TOTAL","2011","342376","",""
"RO122","T","TOTAL","2011","549217","",""
"RO123","T","TOTAL","2011","210177","",""
"RO124","T","TOTAL","2011","310867","",""
"RO125","T","TOTAL","2011","550846","",""
"RO126","T","TOTAL","2011","397322","",""
"RO211","T","TOTAL","2011","616168","",""
"RO212","T","TOTAL","2011","412626","",""
"RO213","T","TOTAL","2011","772348","",""
"RO214","T","TOTAL","2011","470766","",""
"RO215","T","TOTAL","2011","634810","",""
"RO216","T","TOTAL","2011","395499","",""
"RO221","T","TOTAL","2011","321212","",""
"RO222","T","TOTAL","2011","451069","",""
"RO223","T","TOTAL","2011","684082","",""
"RO224","T","TOTAL","2011","536167","",""
"RO225","T","TOTAL","2011","213083","",""
"RO226","T","TOTAL","2011","340310","",""
"RO311","T","TOTAL","2011","612431","",""
"RO312","T","TOTAL","2011","306691","",""
"RO313","T","TOTAL","2011","518745","",""
"RO314","T","TOTAL","2011","281422","",""
"RO315","T","TOTAL","2011","274148","",""
"RO316","T","TOTAL","2011","762886","",""
"RO317","T","TOTAL","2011","380123","",""
"RO321","T","TOTAL","2011","1883425","",""
"RO322","T","TOTAL","2011","388738","",""
"RO411","T","TOTAL","2011","660544","",""
"RO412","T","TOTAL","2011","341594","",""
"RO413","T","TOTAL","2011","265390","",""
"RO414","T","TOTAL","2011","436400","",""
"RO415","T","TOTAL","2011","371714","",""
"RO421","T","TOTAL","2011","430629","",""
"RO422","T","TOTAL","2011","295579","",""
"RO423","T","TOTAL","2011","418565","",""
"RO424","T","TOTAL","2011","683540","",""
"ROZZZ","T","TOTAL","2011","0","",""
"SE110","T","TOTAL","2011","2091473","",""
"SE121","T","TOTAL","2011","338630","",""
"SE122","T","TOTAL","2011","272563","",""
"SE123","T","TOTAL","2011","431075","",""
"SE124","T","TOTAL","2011","281572","",""
"SE125","T","TOTAL","2011","254257","",""
"SE211","T","TOTAL","2011","337896","",""
"SE212","T","TOTAL","2011","184654","",""
"SE213","T","TOTAL","2011","233090","",""
"SE214","T","TOTAL","2011","57308","",""
"SE221","T","TOTAL","2011","152979","",""
"SE224","T","TOTAL","2011","1252933","",""
"SE231","T","TOTAL","2011","301724","",""
"SE232","T","TOTAL","2011","1590604","",""
"SE311","T","TOTAL","2011","272736","",""
"SE312","T","TOTAL","2011","276565","",""
"SE313","T","TOTAL","2011","276130","",""
"SE321","T","TOTAL","2011","242155","",""
"SE322","T","TOTAL","2011","126299","",""
"SE331","T","TOTAL","2011","259667","",""
"SE332","T","TOTAL","2011","248545","",""
"SEZZZ","T","TOTAL","2011","0","",""
"SI011","T","TOTAL","2011","119145","",""
"SI012","T","TOTAL","2011","323119","",""
"SI013","T","TOTAL","2011","72494","",""
"SI014","T","TOTAL","2011","259726","",""
"SI015","T","TOTAL","2011","44222","",""
"SI016","T","TOTAL","2011","70167","",""
"SI017","T","TOTAL","2011","142483","",""
"SI018","T","TOTAL","2011","52287","",""
"SI021","T","TOTAL","2011","533213","",""
"SI022","T","TOTAL","2011","203427","",""
"SI023","T","TOTAL","2011","119146","",""
"SI024","T","TOTAL","2011","110760","",""
"SIZZZ","T","TOTAL","2011","0","",""
"SK010","T","TOTAL","2011","602436","",""
"SK021","T","TOTAL","2011","554741","",""
"SK022","T","TOTAL","2011","594328","",""
"SK023","T","TOTAL","2011","689867","",""
"SK031","T","TOTAL","2011","688851","",""
"SK032","T","TOTAL","2011","660563","",""
"SK041","T","TOTAL","2011","814527","",""
"SK042","T","TOTAL","2011","791723","",""
"SKZZZ","T","TOTAL","2011","0","",""
"UKC11","T","TOTAL","2011","283640","",""
"UKC12","T","TOTAL","2011","273590","",""
"UKC13","T","TOTAL","2011","105565","",""
"UKC14","T","TOTAL","2011","513240","",""
"UKC21","T","TOTAL","2011","316030","",""
"UKC22","T","TOTAL","2011","829320","",""
"UKC23","T","TOTAL","2011","275505","",""
"UKD11","T","TOTAL","2011","236110","",""
"UKD12","T","TOTAL","2011","263745","",""
"UKD31","T","TOTAL","2011","1466235","",""
"UKD32","T","TOTAL","2011","1216290","",""
"UKD41","T","TOTAL","2011","147490","",""
"UKD42","T","TOTAL","2011","142065","",""
"UKD43","T","TOTAL","2011","1171340","",""
"UKD61","T","TOTAL","2011","202230","",""
"UKD62","T","TOTAL","2011","370125","",""
"UKD63","T","TOTAL","2011","329610","",""
"UKD71","T","TOTAL","2011","446945","",""
"UKD72","T","TOTAL","2011","466415","",""
"UKD73","T","TOTAL","2011","273790","",""
"UKD74","T","TOTAL","2011","319785","",""
"UKE11","T","TOTAL","2011","256405","",""
"UKE12","T","TOTAL","2011","334180","",""
"UKE13","T","TOTAL","2011","327060","",""
"UKE21","T","TOTAL","2011","198050","",""
"UKE22","T","TOTAL","2011","598375","",""
"UKE31","T","TOTAL","2011","790905","",""
"UKE32","T","TOTAL","2011","552700","",""
"UKE41","T","TOTAL","2011","522450","",""
"UKE42","T","TOTAL","2011","751485","",""
"UKE44","T","TOTAL","2011","626285","",""
"UKE45","T","TOTAL","2011","325835","",""
"UKF11","T","TOTAL","2011","248750","",""
"UKF12","T","TOTAL","2011","278675","",""
"UKF13","T","TOTAL","2011","491010","",""
"UKF14","T","TOTAL","2011","305680","",""
"UKF15","T","TOTAL","2011","451645","",""
"UKF16","T","TOTAL","2011","334160","",""
"UKF21","T","TOTAL","2011","329840","",""
"UKF22","T","TOTAL","2011","687860","",""
"UKF24","T","TOTAL","2011","375100","",""
"UKF25","T","TOTAL","2011","316850","",""
"UKF30","T","TOTAL","2011","713655","",""
"UKG11","T","TOTAL","2011","183475","",""
"UKG12","T","TOTAL","2011","566170","",""
"UKG13","T","TOTAL","2011","545475","",""
"UKG21","T","TOTAL","2011","166640","",""
"UKG22","T","TOTAL","2011","306130","",""
"UKG23","T","TOTAL","2011","249010","",""
"UKG24","T","TOTAL","2011","848490","",""
"UKG31","T","TOTAL","2011","1073045","",""
"UKG32","T","TOTAL","2011","206675","",""
"UKG33","T","TOTAL","2011","316960","",""
"UKG36","T","TOTAL","2011","312925","",""
"UKG37","T","TOTAL","2011","308065","",""
"UKG38","T","TOTAL","2011","269325","",""
"UKG39","T","TOTAL","2011","249470","",""
"UKH11","T","TOTAL","2011","183630","",""
"UKH12","T","TOTAL","2011","621210","",""
"UKH13","T","TOTAL","2011","857890","",""
"UKH14","T","TOTAL","2011","728165","",""
"UKH21","T","TOTAL","2011","203200","",""
"UKH23","T","TOTAL","2011","1116060","",""
"UKH24","T","TOTAL","2011","157480","",""
"UKH25","T","TOTAL","2011","254380","",""
"UKH31","T","TOTAL","2011","173660","",""
"UKH32","T","TOTAL","2011","157705","",""
"UKH33","T","TOTAL","2011","1393585","",""
"UKI11","T","TOTAL","2011","1095245","",""
"UKI12","T","TOTAL","2011","2136655","",""
"UKI21","T","TOTAL","2011","1759380","",""
"UKI22","T","TOTAL","2011","1222670","",""
"UKI23","T","TOTAL","2011","1959990","",""
"UKJ11","T","TOTAL","2011","861870","",""
"UKJ12","T","TOTAL","2011","248820","",""
"UKJ13","T","TOTAL","2011","505285","",""
"UKJ14","T","TOTAL","2011","653800","",""
"UKJ21","T","TOTAL","2011","273370","",""
"UKJ22","T","TOTAL","2011","526670","",""
"UKJ23","T","TOTAL","2011","1132390","",""
"UKJ24","T","TOTAL","2011","806890","",""
"UKJ31","T","TOTAL","2011","205055","",""
"UKJ32","T","TOTAL","2011","236880","",""
"UKJ33","T","TOTAL","2011","1317790","",""
"UKJ34","T","TOTAL","2011","138265","",""
"UKJ41","T","TOTAL","2011","263925","",""
"UKJ42","T","TOTAL","2011","1463740","",""
"UKK11","T","TOTAL","2011","428235","",""
"UKK12","T","TOTAL","2011","641350","",""
"UKK13","T","TOTAL","2011","596985","",""
"UKK14","T","TOTAL","2011","209155","",""
"UKK15","T","TOTAL","2011","470980","",""
"UKK21","T","TOTAL","2011","331135","",""
"UKK22","T","TOTAL","2011","412905","",""
"UKK23","T","TOTAL","2011","529970","",""
"UKK30","T","TOTAL","2011","534475","",""
"UKK41","T","TOTAL","2011","256385","",""
"UKK42","T","TOTAL","2011","130960","",""
"UKK43","T","TOTAL","2011","746400","",""
"UKL11","T","TOTAL","2011","69750","",""
"UKL12","T","TOTAL","2011","121875","",""
"UKL13","T","TOTAL","2011","208960","",""
"UKL14","T","TOTAL","2011","382140","",""
"UKL15","T","TOTAL","2011","293210","",""
"UKL16","T","TOTAL","2011","339695","",""
"UKL17","T","TOTAL","2011","278990","",""
"UKL18","T","TOTAL","2011","239025","",""
"UKL21","T","TOTAL","2011","237060","",""
"UKL22","T","TOTAL","2011","472425","",""
"UKL23","T","TOTAL","2011","287350","",""
"UKL24","T","TOTAL","2011","132975","",""
"UKM21","T","TOTAL","2011","263245","",""
"UKM22","T","TOTAL","2011","416640","",""
"UKM23","T","TOTAL","2011","182905","",""
"UKM24","T","TOTAL","2011","113870","",""
"UKM25","T","TOTAL","2011","476625","",""
"UKM26","T","TOTAL","2011","155990","",""
"UKM27","T","TOTAL","2011","236900","",""
"UKM28","T","TOTAL","2011","175120","",""
"UKM31","T","TOTAL","2011","221280","",""
"UKM32","T","TOTAL","2011","151325","",""
"UKM33","T","TOTAL","2011","254875","",""
"UKM34","T","TOTAL","2011","593245","",""
"UKM35","T","TOTAL","2011","346965","",""
"UKM36","T","TOTAL","2011","337725","",""
"UKM37","T","TOTAL","2011","112800","",""
"UKM38","T","TOTAL","2011","313830","",""
"UKM50","T","TOTAL","2011","475765","",""
"UKM61","T","TOTAL","2011","94595","",""
"UKM62","T","TOTAL","2011","198050","",""
"UKM63","T","TOTAL","2011","101455","",""
"UKM64","T","TOTAL","2011","27685","",""
"UKM65","T","TOTAL","2011","21350","",""
"UKM66","T","TOTAL","2011","23165","",""
"UKN01","T","TOTAL","2011","280960","",""
"UKN02","T","TOTAL","2011","390595","",""
"UKN03","T","TOTAL","2011","438825","",""
"UKN04","T","TOTAL","2011","288595","",""
"UKN05","T","TOTAL","2011","411885","",""
"UKZZZ","T","TOTAL","2011","0","",""
